concetto;nome_it;categoria;funzione;sinonimi;siciliano;tipi_catalogo_inglese;n_codici;note_azienda
maniglia;maniglia con vite di serraggio;Altro;manopola/maniglia a vite per bloccare una regolazione a mano;"maniglia; pomello; manopola; vite a farfalla; volantino di serraggio";;handle dhurh hex screw;1;
portadocumenti;porta libretto;Altro;tubo/scatola che contiene il manuale d'uso sulla macchina;"porta manuale; porta libretto; tubo dei documenti; scatola del libretto";;manual box;1;
tappo_tubo;tappo di chiusura per tubo;Altro;tappo in plastica che chiude l'estremita' dei tubi del telaio;"tappo; tappo di plastica; tappo del tubo; copritubo; tappino";tappu;end cap | end cap plastic | end cap sq;5;
attacco_tre_punti;attacco a tre punti;Attacco tre punti, slitte e regolazioni;castelletto e staffe con cui la macchina si aggancia al sollevatore del trattore;"attacco tre punti; castelletto; torretta; piramide; attacco al trattore; staffe dei bracci";attaccu;bottom link bracket | side skid three point hitch pc side shift | side skid three point hitch side shift | three point | three point bracket | three point bracket lh | three point bracket lh three point top support | three point bracket rh | three point hitch | three point hitch bracket | three point linkage bracket | three point linkage lh | three point linkage rh | three point rear bracket | three point rear bracket lh | three point rear bracket rh | three point spacer | three point support | three point support back | three point support front | three point support lh | three point support rh | top link bracket | top mast | top mast back plate | top mast fix | top mast hydraulic | top mast plate front side | top mast r | top mast rect pipe | top mast stiffener | tph base r side | tph base side;53;
cavalletto;cavalletto di appoggio;Attacco tre punti, slitte e regolazioni;piede su cui la macchina sta in piedi quando e' staccata dal trattore;"cavalletto; piede; piedino; appoggio; stampella; puntello";cavallettu;parking stand | parking stand bracke | parking stand bracket | parking stand hl;9;
molla;molla;Attacco tre punti, slitte e regolazioni;molla elicoidale;"molla; molla a spirale; molla del cofano; mollone";mudda;spring | spring big | spring key | spring small | spring w turn | spring wire | spring wire length;7;
perno_attacco;perno attacco tre punti;Attacco tre punti, slitte e regolazioni;perno su cui si agganciano i bracci inferiori del sollevatore del trattore;"perno; perno di attacco; perno dei bracci; perno del sollevatore; spinotto del tre punti";pernu;bottom link pin | pin lower three point hitch;2;
pistoncino;pistoncino di bloccaggio;Attacco tre punti, slitte e regolazioni;piccolo pistone/nottolino che blocca in posizione un elemento scorrevole;"pistoncino; nottolino; fermo; puntalino; pernino a molla";;plunger;1;
regolazione_livellatrice;regolazione barra livellatrice;Attacco tre punti, slitte e regolazioni;manovella e supporti per regolare l'altezza della barra livellatrice;"manovella; regolazione livellatore; vite di regolazione; registro";;crank holding bracket | levelling bar crank;2;
regolazione_slitta;regolazione slitta;Attacco tre punti, slitte e regolazioni;piastra forata o registro per regolare l'altezza della slitta;"regolazione slitta; registro slitta; piastra della slitta; regolatore profondita'";;depth skid spacer | skid adjuster | skid adjuster plate | skid spacer;5;
slitta;slitta laterale;Attacco tre punti, slitte e regolazioni;pattino laterale che appoggia a terra e regola la profondita' di lavoro;"slitta; slitte; pattino; pattini; sci; appoggio laterale";;depth skid lh | depth skid rh | skid | skid bottom | skid center | skid lh | skid lh kit | skid lh rh kit | skid rh | skid rh kit;14;
staffa_sollevamento;staffa di sollevamento;Attacco tre punti, slitte e regolazioni;staffa/gancio per sollevare la macchina o fissare la molla del cofano;"gancio; staffa; gancio di sollevamento; occhione";;lifting bracket | lifting bracket clamp | lifting bracket kit | lifting bracket side;13;
gruppo_spostamento;staffa gruppo spostamento idraulico;Attacco tre punti, slitte e regolazioni;fiancata/staffa del gruppo di spostamento laterale idraulico;"spostamento laterale; staffa spostamento; fiancata idraulica; slitta dello spostamento";;r side bracket hydraulic unit | r side plate hydraulic unit | side plate hydraulic unit;4;
supporto_cardano;supporto appoggia-cardano;Attacco tre punti, slitte e regolazioni;gancio o asta su cui appoggiare il cardano quando la macchina e' staccata;"gancio del cardano; appoggia cardano; supporto cardano; forcella del cardano";;pto hook | pto stand bar;2;
supporto_disco_laterale;supporto disco laterale;Attacco tre punti, slitte e regolazioni;staffa e morsetto che fissano il disco laterale alla fresa;"supporto disco; staffa del disco; morsetto del disco; attacco disco laterale";;side disc bracket | side disc bracket clamp | side disc vertical bracket | side disc vertical bracket lh | side disc vertical bracket rh;12;
terzo_punto;terzo punto (tirante);Attacco tre punti, slitte e regolazioni;tirante regolabile che collega il castelletto al trattore;"terzo punto; tirante; tirante regolabile; puntone; barra del terzo punto";terzu puntu;top link cat | top link rod cat;2;
tirante_molla;tirante con molla cofano posteriore;Attacco tre punti, slitte e regolazioni;asta con molla che tiene premuto il cofano posteriore e ne regola l'apertura;"tirante; molla del cofano; asta con molla; ammortizzatore del cofano; registro del cofano";;adjustment pipe | adjustment rod | adujstment rod | bracket lifting spring | bracket spring stud | spring stud | spring stud bracket | support spring stud;12;
spostamento_laterale;tubo scorrevole spostamento laterale;Attacco tre punti, slitte e regolazioni;tubo/asta su cui scorre la macchina per lo spostamento laterale;"tubo scorrevole; spostamento laterale; slitta; asta scorrevole; scorrimento";;rear sliding tube | sliding rod | sliding tube;4;
seeger_esterno;anello elastico per alberi (seeger esterno);Bulloneria e minuteria;anello elastico che blocca un cuscinetto o un ingranaggio sull'albero;"seeger; seeger esterno; anello elastico; anello di fermo; fermo dell'albero";;external circlip | external circlip e;7;
seeger_interno;anello elastico per fori (seeger interno);Bulloneria e minuteria;anello elastico che blocca un cuscinetto dentro la sua sede;"seeger; seeger interno; anello elastico; anello di fermo; molletta del cuscinetto";;internal circlip;15;
bullone;bullone a testa esagonale;Bulloneria e minuteria;vite a testa esagonale con dado, fissa le parti del telaio e dei gruppi;"bullone; vite; bullone esagonale; vite testa esagonale; bullone con dado; perno filettato";"bulluni; viti";hex bolt;88;
bullone_carrozzeria;bullone a testa tonda con quadro sottotesta;Bulloneria e minuteria;bullone a testa bombata con collo quadro, non gira mentre si stringe il dado;"bullone testa tonda; bullone a fungo; bullone carrozzeria; bullone con il quadro; vite testa tonda";bulluni;mushroom head sq neck bolt;5;
cavallotto;cavallotto a U (bullone a U);Bulloneria e minuteria;bullone piegato a U che fissa staffe e protezioni a un tubo quadro o tondo;"cavallotto; bullone a U; staffa a U; cavaliere; ferro a U filettato";cavaddottu;u bolt pipe | u bolt sq pipe;5;
copiglia_r;copiglia a R (molletta);Bulloneria e minuteria;molletta elastica a forma di R che blocca perni e spine;"copiglia a R; molletta; forcella; spinetta a molla; copiglia elastica";cupigghia;r pin;2;
coppiglia;coppiglia;Bulloneria e minuteria;filo piegato che si infila nel foro del perno o del dado a corona e si apre;"coppiglia; copiglia; spinotto aperto; coppiglia spaccata";cupigghia;split pin;3;
dado_corona;dado a intagli (dado a corona);Bulloneria e minuteria;dado grosso ad intagli bloccato con coppiglia, tiene in posizione ingranaggi e mozzi;"dado a corona; dado a castello; dado con la coppiglia; ghiera; dado grosso dell'ingranaggio";dadu;hex slotted check nut;5;
dado_autobloccante;dado autobloccante;Bulloneria e minuteria;dado con anello in nylon che non si svita con le vibrazioni;"dado; dado autobloccante; dado con la plastica; dado con il nylon; dado antisvitamento; dado bloccante";dadu;nylock nut;24;
dado;dado esagonale;Bulloneria e minuteria;dado normale per bulloni;"dado; dado esagonale; dado normale; bullone femmina";dadu;hex nut;6;
distanziale;distanziale;Bulloneria e minuteria;spessore o bussola che tiene la giusta distanza tra due pezzi;"distanziale; spessore; distanziatore; bussola; anello distanziale; tubetto";;blade spacer | spacer | spacer bottom link bracket | spacer center gear | spacer center pin | spacer change gear | spacer plate | spacer top link bracket;30;
ghiera;ghiera autobloccante;Bulloneria e minuteria;ghiera tonda filettata con inserto in nylon che blocca un albero o un cuscinetto;"ghiera; dado tondo; ghiera del mozzo; dado a intagli; ghiera con la plastica";;slotted round nut polyamide insert din;1;
perno;perno;Bulloneria e minuteria;perno cilindrico di articolazione o di attacco;"perno; spinotto; spina; asse; perno di snodo";pernu;pin;27;
perno_cerniera;perno cerniera;Bulloneria e minuteria;perno su cui ruota una parte incernierata (bracci pieghevoli);"perno cerniera; perno di snodo; perno del braccio; spinotto";pernu;hinge pin;1;
rivetto;rivetto;Bulloneria e minuteria;rivetto in acciaio per fissaggi non smontabili;"rivetto; ribattino; chiodo da ribattere";;rivet steel;1;
rondella_grower;rondella elastica (grower);Bulloneria e minuteria;rondella spaccata elastica che impedisce al bullone di allentarsi;"grower; rondella grower; rondella spaccata; rondella elastica; rondella a molla";"rundedda; rudedda";spring washer;8;
rondella;rondella piana;Bulloneria e minuteria;rondella piatta sotto dado o testa del bullone;"rondella; rondella piana; ranella; spessore; anello piatto";"rundedda; rudedda";flat washer central drive | lifting bracket washer | plain washer rubber | rectangular washer | washer | washet;14;
spina_scatto;spina a scatto con anello (linch pin);Bulloneria e minuteria;spina con anello ribaltabile che blocca i perni dell'attacco a tre punti;"spina a scatto; spina con anello; copiglia ad anello; spina di sicurezza; fermo del perno; copiglia a scatto";cupigghia;linch pin;4;
spina_fermo;spina di fermo;Bulloneria e minuteria;spina che blocca un supporto o il gancio del cardano;"spina; perno di fermo; spinotto; spina del cardano";pernu;pto pin;2;
spina_elastica;spina elastica;Bulloneria e minuteria;spina cilindrica spaccata piantata a pressione per bloccare due pezzi;"spina elastica; spina; spinotto; spina a molla; perno elastico";;spring pin din st | spring pin iso st;2;
vite_brugola;vite a testa cilindrica con esagono incassato;Bulloneria e minuteria;vite a brugola a testa cilindrica;"vite a brugola; brugola; vite testa cilindrica; vite con la brugola";viti;hex socket head cap screw;1;
vite_svasata;vite a testa svasata con esagono incassato;Bulloneria e minuteria;vite a brugola a testa piana che rimane a filo della superficie;"vite a brugola; brugola svasata; vite svasata; vite a testa piatta; vite con la brugola";viti;hex socket csk head cap screw;3;
cinghia;cinghia trapezoidale;Cinghie e pulegge;cinghia che trasmette il moto dalla puleggia al rotore;"cinghia; cinghie; cinghia trapezoidale; cinghia della trincia; correa";cìnghia;belt spb li | belt spbx | belt spbx b;6;
tendicinghia;piastra tendicinghia;Cinghie e pulegge;piastra di regolazione per tendere le cinghie;"tendicinghia; tenditore; piastra del tenditore";;belt tension plate;1;
puleggia;puleggia;Cinghie e pulegge;ruota a gole per cinghie trapezoidali;"puleggia; carrucola; ruota della cinghia; puleggia della trincia";;pulley spb;8;
oring;anello OR (O-ring);Cuscinetti, tenute e guarnizioni;guarnizione ad anello in gomma a sezione tonda;"OR; o-ring; anello di gomma; guarnizione tonda; anellino di gomma";aneddu di gomma;o ring c | o ring c hub housing oil cup side;16;
paraolio;anello di tenuta (paraolio);Cuscinetti, tenute e guarnizioni;anello in gomma con molla che impedisce all'olio di uscire lungo un albero;"paraolio; anello paraolio; guarnizione dell'olio; tenuta dell'albero; paraolio della scatola";paraogghiu;oil seal | oil seal a | oil seal rg | oil seal v;21;
boccola;boccola;Cuscinetti, tenute e guarnizioni;bussola di scorrimento (in bronzo, acciaio o teflon) su cui gira o scorre un perno;"boccola; bronzina; bussola; boccola in teflon; manicotto";buccula;bush | bush roller holding plate | bushing teflon | guide bush spring | rear teflon bush | sliding bush;14;
cuscinetto_conico;cuscinetto a rulli conici;Cuscinetti, tenute e guarnizioni;cuscinetto che regge carichi radiali e assiali, su alberi della scatola ingranaggi e mozzi;"cuscinetto; cuscinetto conico; cuscinetto a rulli; rullini; cuscinetto della scatola; cuscinetto del mozzo";cuscinettu;tapered roller bearing;17;
cuscinetto_orientabile;cuscinetto orientabile a rulli;Cuscinetti, tenute e guarnizioni;cuscinetto a doppia fila di rulli che tollera disallineamenti, sul rotore della trinciatrice;"cuscinetto; cuscinetto orientabile; cuscinetto a botte; cuscinetto del rotore; cuscinetto grosso";cuscinettu;spherical roller bearing;2;
cuscinetto_sfere;cuscinetto radiale a sfere;Cuscinetti, tenute e guarnizioni;cuscinetto a sfere per alberi e rulli;"cuscinetto; cuscinetto a sfere; cuscinetto a palline; cuscinetto del rullo";cuscinettu;deep groove ball bearing;11;
guarnizione;guarnizione piana;Cuscinetti, tenute e guarnizioni;guarnizione (carta o fibra) tra coperchio e corpo della scatola o del carter;"guarnizione; guarnizione di carta; guarnizione del coperchio; guarnizione piana";uarnizioni;gaket flange big | gasket back cover | gasket center gear flange | gasket center pin | gasket drive shaft cover | gasket flange big | gasket flange small | gasket front cover | gasket gear cover | gasket gearbox back single speed | gasket intermediate shaft cover | gasket top cover | paper gasket drive side gear box single spee | paper gasket gearbox body thik;36;
raschiastelo;guarnizione raschiatore;Cuscinetti, tenute e guarnizioni;guarnizione che pulisce il tubo scorrevole dallo sporco;"raschiatore; guarnizione raschiastelo; parapolvere; guarnizione del tubo";;wiper seal;2;
mozzo_disco;mozzo con cuscinetto per disco (agri hub);Cuscinetti, tenute e guarnizioni;mozzo sigillato con cuscinetto su cui e' imbullonato il disco dell'erpice;"mozzo; mozzo del disco; cuscinetto del disco; agri hub; mozzo con cuscinetto";cuscinettu;agri hub bearing baa nylock nut | baa hub;2;
parapolvere;parapolvere;Cuscinetti, tenute e guarnizioni;disco/coperchio che protegge le tenute del mozzo da terra ed erba;"parapolvere; coperchio antipolvere; protezione del mozzo; lamierino del mozzo";;dust cover | dust cover gear side | dust cover hub | dust cover lh | dust cover rh;8;
supporto_flangiato;supporto flangiato con cuscinetto (UCF);Cuscinetti, tenute e guarnizioni;supporto in ghisa a flangia quadra con cuscinetto, regge l'albero del rullo;"supporto; supporto con cuscinetto; supporto del rullo; supporto flangiato; cuscinetto con flangia; testata del rullo";cuscinettu;square flange bearing unit ucf | ucf;3;
tappo_cieco;tappo di tenuta cieco;Cuscinetti, tenute e guarnizioni;coperchietto metallo-gomma che chiude a tenuta un foro della scatola;"tappo cieco; coperchietto; tappo di tenuta; paraolio cieco";tappu;blind seal;3;
tenuta_meccanica;tenuta meccanica frontale (duo-cone);Cuscinetti, tenute e guarnizioni;coppia di anelli metallici con OR che sigilla il mozzo del rotore contro terra e acqua;"tenuta meccanica; tenuta frontale; duo cone; anelli di tenuta del mozzo; tenuta a specchio";;mechanical seal o ring | mechanical seal small o ring;2;
bullone_forato;bullone forato (banjo);Impianto idraulico;bullone cavo che fissa il raccordo a occhio di un tubo idraulico lasciando passare l'olio;"bullone banjo; bullone forato; vite forata; bullone del tubo dell'olio; raccordo a occhio";;banjo bolt;2;
cilindro_idraulico;cilindro idraulico;Impianto idraulico;attuatore a olio che sposta o solleva una parte (spostamento laterale, rullo, bracci);"pistone; pistone idraulico; martinetto; cilindro; cilindro dell'olio; pistone che alza; pompante";pistuni;hydraulic | hydraulic cylinder | hydraulic cylinder stroke | hydraulic cylinder stroke check valve;7;
divisore_flusso;divisore di flusso;Impianto idraulico;valvola che divide l'olio in parti uguali tra due cilindri per farli muovere insieme;"divisore di flusso; ripartitore; valvola divisore; divisore dell'olio";;flow divider lpm port size;1;
innesto_rapido;innesto rapido maschio;Impianto idraulico;attacco rapido che si inserisce nelle prese idrauliche del trattore;"attacco rapido; innesto rapido; innesto dell'olio; spina dell'olio; maschio dell'attacco";;qrc male;1;
fascetta_tubi;morsetto doppio per tubi;Impianto idraulico;morsetto che tiene fermi due tubi idraulici affiancati;"fascetta; morsetto dei tubi; collare; ferma tubi";;hose pipe clamp double;1;
raccordo_t;raccordo a T;Impianto idraulico;raccordo a tre vie per dividere la linea idraulica;"raccordo a T; T dell'olio; derivazione; tre vie";;union male;1;
raccordo;raccordo idraulico maschio;Impianto idraulico;raccordo filettato per collegare tubi e cilindri;"raccordo; nipplo; raccordo maschio; attacco del tubo; riduzione";;nipple male;2;
rondella_dowty;rondella di tenuta (dowty);Impianto idraulico;rondella metallo-gomma che fa tenuta sui raccordi idraulici;"rondella di tenuta; dowty; rondella del raccordo; guarnizione del raccordo; rondella in gomma";rundedda;dowty seal;2;
supporto_cilindro;supporto cilindro idraulico;Impianto idraulico;staffa/piastra su cui e' fissato il cilindro idraulico;"supporto pistone; staffa del pistone; attacco cilindro";;cylinder bracket | cylinder holding inner plate | cylinder holding outer plate;3;
tubo_idraulico;tubo idraulico flessibile;Impianto idraulico;tubo in gomma ad alta pressione con raccordi che porta l'olio dal trattore al cilindro;"tubo dell'olio; tubo idraulico; flessibile; tubo in gomma; tubo alta pressione; manichetta";tubbu;hose pipe nut banjo | hose pipe nut nut | hose pipe qrc nut;11;
coppa_mozzo;coppa lato supporto;Lubrificazione, tappi e sfiati;coperchio a coppa sul mozzo del rotore dal lato opposto alla trasmissione;"coppa; coperchio del mozzo; tazza; coppa del grasso; coperchio lato supporto";;oil cup | oil cup cast par;4;
spia_livello;indicatore livello olio;Lubrificazione, tappi e sfiati;tappo con vetrino o astina per controllare il livello dell'olio;"spia olio; livello olio; tappo livello; oblo' dell'olio; astina";;oil level indicator o ring (o ring size;1;
ingrassatore;ingrassatore;Lubrificazione, tappi e sfiati;valvolina dove si attacca la pompa del grasso;"ingrassatore; nipplo; nipplo del grasso; ingrassatore a 45 gradi; punto di ingrassaggio";ngrassaturi;deg grease nipple | grease nipple;3;
prolunga_ingrassatore;prolunga ingrassatore;Lubrificazione, tappi e sfiati;prolunga che porta l'ingrassatore in posizione raggiungibile;"prolunga ingrassatore; tubetto del grasso; ingrassatore lungo";;grease extention bolt;1;
tappo_sfiato;tappo di sfiato;Lubrificazione, tappi e sfiati;tappo con sfiato che fa respirare la scatola ingranaggi;"sfiato; tappo sfiato; tappo di carico olio; tappo con il buco; respiro della scatola";tappu;breathing plug | breathing plug o ring (o ring size | in bspt oil breathing plug;3;
tappo_olio;tappo filettato;Lubrificazione, tappi e sfiati;tappo di carico o scarico olio della scatola;"tappo; tappo dell'olio; tappo di scarico; tappo di carico; tappo filettato";tappu;plug g o ring | plug male female;4;
bandella_gomma;bandella in gomma;Protezioni, cofani e carter;striscia di gomma davanti/dietro il cofano che trattiene i detriti;"bandella; gomma; paraspruzzi; tenda in gomma; parasassi in gomma; flap";gomma;front rubber flap | rear rubber flap | rubber flap | segment rubber flap;22;
barra_cerniera;barra cerniera cofano;Protezioni, cofani e carter;barra su cui e' incernierato il cofano posteriore;"cerniera; barra cerniera; asta della cerniera; snodo del cofano";;bottom hinge bar support | hinge bar | top hinge bar sq pipe;36;
carter_trasmissione;carter protezione trasmissione;Protezioni, cofani e carter;carter che copre pulegge e cinghie;"carter; carter cinghie; coperchio cinghie; protezione pulegge; cofano laterale";;drive cover | drive cover r | drive cover sp | drive side cover;11;
catenelle;catenelle di protezione;Protezioni, cofani e carter;tenda di catene davanti al cofano che trattiene sassi e detriti;"catene; catenelle; catena; tenda di catene; catenaccio di protezione; protezione a catene";"catina; catini";chain holding angle | chain link unit | chhain link | rod chain link | round steel link morris link;39;
cofano;cofano;Protezioni, cofani e carter;lamiera superiore che copre il rotore della trinciatrice;"cofano; carter; coperchio; lamiera sopra; carenatura; cuffia";;bonet;12;
cofano_posteriore;cofano posteriore;Protezioni, cofani e carter;lamiera posteriore incernierata della fresa che livella il terreno;"cofano posteriore; cofano; lamiera dietro; ala posteriore; sportello; portello; livellatore";;back hood | back hood chain clamp side shift | back hood extension lh | back hood extension rh | back hood half;26;
copri_cerniera;copricerniera;Protezioni, cofani e carter;coperchio della cerniera del cofano;"copricerniera; coperchio della cerniera; protezione cerniera";;hinge cover;3;
lamiera_forata;lamiera forata;Protezioni, cofani e carter;lamiera forata di protezione;"lamiera forata; griglia; rete; lamiera bucata";lamera;perforated sheet | perforted sheet;2;
protezione;protezione;Protezioni, cofani e carter;lamiera o riparo di sicurezza (anteriore, laterale, CE);"protezione; riparo; lamiera di protezione; carter; paraspruzzi; protezione CE";;front protection cover | front protection flap | lateral guard | protection end ce | protection front ce | safety guard | side protection | side protection lh | side protection rh;41;
protezione_cardano;protezione cardano;Protezioni, cofani e carter;cuffia che copre l'albero cardanico all'attacco della macchina;"protezione cardano; cuffia; cuffia del cardano; protezione presa di forza; campana";;pto guad | pto guard cover | pto guard jupiter | pto shaft guard round plate | shaft protection;5;
sponda_laterale;sponda laterale;Protezioni, cofani e carter;lamiera laterale regolabile che contiene la terra ai lati;"sponda; sponda laterale; paraterra; lamiera laterale; bandiera; deflettore";;rear support guard | side guard | side guard lh | side guard r | side guard rh;10;
sponda_mobile;sponda laterale mobile;Protezioni, cofani e carter;lamiera laterale flottante dell'erpice rotante che contiene la terra;"sponda; sponda laterale; paratia; lamiera laterale; parasassi";;mobile side | mobile side support | mobile side support r;3;
supporto_sponda;supporto sponda laterale;Protezioni, cofani e carter;tubo/piastra di fissaggio e regolazione della sponda laterale;"supporto sponda; tubo della sponda; regolazione sponda; attacco sponda";;pipe side gaurd adjustment | pipe side gaurd adjustment r | side guard bottom mounting plate lh | side guard bottom mounting plate rh | side guard clamping plate back | side guard clamping plate front | side guard pipe | side guard support pipe | side guard top mounting plate;9;
albero_portalama;albero portalama;Rotore e utensili di lavoro;albero verticale su cui e' montato il mozzo con le lame del rasaerba;"albero delle lame; albero portalama; asse della lama";arvulu;blade drive shaft;1;
braccio_portadisco;braccio portadisco;Rotore e utensili di lavoro;braccio piatto saldato che porta il mozzo del disco;"braccio del disco; portadisco; gamba del disco; supporto disco";;disc roller v bracket | front disc flat | rear disc flat;5;
coltello_y;coltello a Y per trinciatrice;Rotore e utensili di lavoro;coltello snodato a forma di Y (montato in coppia);"coltello a Y; coltelli; lama a Y; coltellini; zappette della trincia";cuteddu;blade y;2;
coltello_dritto;coltello dritto per trinciatrice;Rotore e utensili di lavoro;coltello snodato dritto;"coltello dritto; coltelli; lama; coltellino della trincia";cuteddu;blade stright;2;
dente_erpice;coltello per erpice rotante;Rotore e utensili di lavoro;dente verticale dell'erpice rotante, montato sul portadenti;"dente; denti; coltello; coltelli dell'erpice; lame; ferri";denti;black blade | black blade r;2;
controcoltello;controcoltello;Rotore e utensili di lavoro;barra fissa dentro il cofano contro cui l'erba viene tagliata dai coltelli;"controcoltello; controlama; lama fissa; barra di taglio";;cutter blade | double frame counter blade;24;
dente_coltivatore;dente da coltivatore;Rotore e utensili di lavoro;ancora/dente che lavora il terreno in profondita';"dente; denti; ancora; ancore; vomere; zappa del coltivatore; molla";denti;tine | tyne;6;
disco;disco;Rotore e utensili di lavoro;disco dentato (smerlato) che taglia e rimescola il terreno;"disco; dischi; disco dentato; disco smerlato; padella";discu;disc | disc pcd notch;3;
disco_laterale;disco laterale fresa;Rotore e utensili di lavoro;disco montato sul fianco della fresa che taglia il bordo del terreno;"disco laterale; disco tagliabordo; disco rincalzatore; disco del fianco";discu;side disc lh | side disc rh;4;
gruppo_disco;gruppo braccio con disco completo;Rotore e utensili di lavoro;braccio portadisco completo di mozzo e disco;"disco completo; braccio con disco; gruppo disco; elemento disco";discu;front disc unit | rear disc unit;4;
lama_rasaerba;lama rasaerba;Rotore e utensili di lavoro;lama rotante del trinciaerba;"lama; lame; coltello; lama del rasaerba";cuteddu;blade;4;
lama_spezzazolle;lama spezzazolle;Rotore e utensili di lavoro;lama dietro ai denti che rompe le zolle;"spezzazolle; lama; livellatore; lama rompizolle";;clod breaking blade;2;
mazza;mazza (martello) per trinciatrice;Rotore e utensili di lavoro;utensile pesante snodato sul rotore che trincia erba e legna;"mazza; mazze; martello; martelli; coltello; coltelli della trincia";"mazza; marteddu";blade hammer;3;
mozzo_portalame;mozzo portalame;Rotore e utensili di lavoro;mozzo su cui si imbullonano le lame del rasaerba;"mozzo lame; disco portalame; portalame";;rotor hub;2;
pettine;pettine (rastrello) trinciatrice;Rotore e utensili di lavoro;pettine posteriore dentro il cofano che trattiene il materiale da trinciare;"pettine; rastrello; griglia; denti del cofano; controdenti";;rake | rake channel | rake flat;14;
portadenti;portadenti erpice rotante;Rotore e utensili di lavoro;supporto rotante su cui si fissano i due denti dell'erpice;"portadenti; porta coltelli; rotore dell'erpice; girante; trottola";;blade holder central | blade holder side;2;
puntale;puntale d'usura;Rotore e utensili di lavoro;punta sostituibile avvitata sul dente, si consuma lavorando;"puntale; punta; punta del dente; scalpello; vomerino; punta d'usura";punta;wearing point;1;
rotore;rotore;Rotore e utensili di lavoro;albero con flange su cui si montano zappe o coltelli;"rotore; albero delle zappe; albero dei coltelli; asse; albero portautensili";arvulu;rotor | rotor close | rotor open pcd | rotor open rotor;84;
rotore_completo;rotore completo di coltelli;Rotore e utensili di lavoro;rotore della trinciatrice gia' montato con coltelli o mazze;"rotore completo; rotore con i coltelli; albero con le mazze";;rotor blade | rotor hammer;34;
supporto_dente;supporto dente coltivatore;Rotore e utensili di lavoro;staffa con morsetto che fissa il dente al telaio;"supporto dente; portadente; morsetto del dente; staffa del dente; attacco dente";;tine bracket | tine bracket clamp;5;
supporto_rotore;supporto rotore;Rotore e utensili di lavoro;supporto laterale con cuscinetto del rotore della trinciatrice;"supporto rotore; supporto del cuscinetto; testata";;rotor support rh;4;
tampone_gomma;tampone in gomma (elastomero);Rotore e utensili di lavoro;barra in gomma che fa da sospensione elastica ai bracci dei dischi;"gomma; gommini; tampone; elastomero; ammortizzatore in gomma; barra di gomma";gomma;rubber bar disc harrow;1;
zappa;zappa per fresa;Rotore e utensili di lavoro;utensile a L o C imbullonato sulle flange del rotore che lavora il terreno;"zappa; zappe; zappette; coltelli della fresa; lame della fresa; denti della fresa";"zappudda; zappi";blade c lh | blade c rh | blade lh | blade ljf lh | blade ljf rh | blade rh;14;
barra_livellatrice;barra livellatrice;Rulli e ruote;barra (profilo a Z) dietro l'erpice che spiana il terreno;"barra livellatrice; livellatore; lama livellatrice; spianatore; tavola";;section levelling bar;5;
raschiatore;raschiatore rullo;Rulli e ruote;lama che pulisce il rullo dalla terra attaccata;"raschiatore; raschietto; pulitore del rullo; lama del rullo";;scrapper;1;
regolazione_rullo;regolazione rullo;Rulli e ruote;tubo/blocchetto/piastra per regolare l'altezza di lavoro del rullo;"regolazione rullo; registro del rullo; tubo di regolazione; blocchetto";;roller adjustment block | roller adjustment pipe | roller blade adjustment plate;3;
rullo;rullo;Rulli e ruote;rullo posteriore che regola la profondita' e affina/compatta il terreno;"rullo; rullo posteriore; rullo compattatore; tamburo; cilindro";rullu;roller | roller front | roller front rear | roller hyd | roller lh side | roller rear | roller rh side | roller sub hyd;88;
rullo_tubi;rullo a tubi;Rulli e ruote;rullo posteriore a tubi dell'erpice a dischi;"rullo a tubi; rullo a barre; rullo; rullo posteriore";rullu;tube roller;10;
rullo_packer;rullo packer;Rulli e ruote;rullo a denti/anelli dell'erpice rotante che compatta il terreno;"rullo packer; rullo dentato; rullo; rullo posteriore";rullu;packer roller;7;
ruota;ruota;Rulli e ruote;ruota di appoggio del trinciaerba;"ruota; ruotino; ruota di appoggio; gommino";rota;wheel unit | wheel width bearing;2;
supporto_rullo;supporto rullo;Rulli e ruote;piastra o staffa laterale che regge il rullo e ne regola l'altezza;"supporto rullo; piastra del rullo; staffa del rullo; fiancata del rullo; regolazione rullo";;roller connecting bracket lh | roller connecting lh | roller connecting rh | roller fixing plate | roller holding plate left | roller holding plate right | roller inner plate | roller lifting bracket | roller outer plate | roller support | roller support pipe | roller support plate | roller support plate roller | roller support r | side plat packer roller;19;
supporto_ruota;supporto ruota;Rulli e ruote;braccio o staffa che porta la ruota;"supporto ruota; braccio ruota; forcella della ruota";;wheel drive housing | wheel holding bracket | wheel support arm;3;
telaio_rullo;telaio portarullo;Rulli e ruote;telaio/bracci che collegano il rullo alla macchina;"telaio del rullo; bracci del rullo; portarullo; supporto rullo";;disc roller frame front | disc roller frame front r | disc roller frame rear | disc roller frame rear r | disc roller front frame | disc roller rear frame | packer roller frame | rear roller frame | roller frame | tube roller frame | tube roller frame r;50;
angolare;angolare;Telaio e carpenteria;profilato a L di rinforzo o di attacco;"angolare; ferro a L; squadra; cantonale";;angle thik;12;
braccio;braccio pieghevole;Telaio e carpenteria;braccio laterale ripiegabile dell'erpice;"braccio; ala; braccio laterale; ala pieghevole";brazzu;arm | r arm;2;
fiancata;fiancata;Telaio e carpenteria;piastra laterale del telaio che regge rotore, trasmissione e slitte;"fiancata; fianco; spalla; laterale; piastra laterale; sponda";;internal plate | side plate | side plate b rh | side plate gear side | side plate lh | side plate lh half | side plate lh side shift | side plate oil cup side | side plate rh;15;
piastra;piastra;Telaio e carpenteria;piastra di supporto o di copertura del telaio;"piastra; lamiera; piastra di supporto; piatto di ferro";chiastra;cover plate | support plate;4;
piastra_blocco_braccio;piastra blocco braccio;Telaio e carpenteria;piastra che blocca il braccio pieghevole in posizione;"blocco braccio; fermo dell'ala; piastra di fermo";;arm lock plate | arm locking plate;2;
rinforzo;rinforzo;Telaio e carpenteria;piatto o profilato di rinforzo del telaio;"rinforzo; ferro di rinforzo; piatto";;reinforcement long | reinforcement short;2;
supporto_scatola;supporto scatola ingranaggi;Telaio e carpenteria;staffa o tubo che sostiene la scatola ingranaggi sul telaio;"supporto della scatola; staffa della scatola; supporto del cambio; tubo di supporto; fascetta della scatola";;base gearbox | gear box support | gear box support side shift | gearbox base plate | gearbox bracket | gearbox lifting lug | gearbox pipe bracket | gearbox pipe clamp | gearbox pipe support | gearbox pipe support single speed | gearbox spacer | gearbox support | gearbox support bracket | gearbox support lh | gearbox support rh | gearbox tigthening bracket | pipe support | pipe support bracket | pipe support clamp;59;
telaio;telaio;Telaio e carpenteria;struttura portante saldata della macchina;"telaio; castello; struttura; carrello; scocca; ferro principale";tilaiu;frame | frame bracket | frame bracket without | frame brackets | main frame;126;
telaio_centrale;telaio centrale;Telaio e carpenteria;parte centrale del telaio dell'erpice pieghevole;"telaio centrale; parte centrale; carrello";tilaiu;center unit;1;
tubo_quadro;tubo quadro;Telaio e carpenteria;tubo quadro del telaio su cui si fissano protezioni e attrezzature;"tubo quadro; trave; tubolare; barra quadra";tubbu;sq pipe;7;
albero_entrata;albero di entrata (presa di forza);Trasmissione e scatola ingranaggi;albero scanalato su cui si innesta il cardano;"albero entrata; albero scanalato; albero del cardano; albero presa di forza; codolo";arvulu;drive shaft | drive shaft big | drive shaft central | drive shaft single speed | pto drive shaft;10;
albero_trasmissione;albero di trasmissione laterale;Trasmissione e scatola ingranaggi;albero lungo (nel suo tubo) che porta il moto dalla scatola centrale al carter laterale;"albero; albero di trasmissione; albero lungo; barra; asse; tubo con l'albero dentro";arvulu;transmission pipe | transmission shaft | transmission shaft single speed;45;
albero_intermedio;albero intermedio;Trasmissione e scatola ingranaggi;albero interno della scatola ingranaggi;"albero intermedio; alberino; albero della scatola";arvulu;intermediate shaft;3;
albero_mozzo;albero mozzo rotore;Trasmissione e scatola ingranaggi;albero corto del mozzo su cui si imbullona il rotore;"albero del mozzo; perno del rotore; alberino del mozzo";arvulu;hub shaft gear side | hub shaft oil cup side;9;
alloggiamento;alloggiamento cuscinetti portadenti;Trasmissione e scatola ingranaggi;alloggiamento dei cuscinetti di un rotore portadenti nel cassone;"alloggiamento; sede cuscinetti; supporto rotore; campana";;central housing outer | side housing outer;2;
calettatore;calettatore (bussola di serraggio);Trasmissione e scatola ingranaggi;bussola conica che blocca la puleggia sull'albero senza linguetta;"calettatore; sit lock; bussola di serraggio; bussola conica; blocca puleggia";;sit lock;2;
carter_laterale;carter trasmissione laterale;Trasmissione e scatola ingranaggi;carter sul fianco della fresa che contiene gli ingranaggi (o la catena) che portano il moto al rotore;"carter laterale; cascata; scatola laterale; trasmissione laterale; carter degli ingranaggi; fianco con gli ingranaggi";;transmission housing | transmission housing single speed;29;
cassone;cassone erpice rotante;Trasmissione e scatola ingranaggi;cassone a bagno d'olio che contiene gli ingranaggi dei rotori dell'erpice;"cassone; vasca; scatola degli ingranaggi; cassone dell'erpice; trave";;tank;7;
coperchio_cascata;coperchio carter ingranaggi laterale;Trasmissione e scatola ingranaggi;coperchio del carter laterale dove girano gli ingranaggi a cascata;"coperchio laterale; coperchio della cascata; coperchio ingranaggi; coperchio del carter";;gear cover;4;
coperchio_cassone;coperchio cassone;Trasmissione e scatola ingranaggi;coperchio superiore del cassone dell'erpice rotante;"coperchio; coperchio del cassone; tappo del cassone";;lid;7;
coperchio_scatola;coperchio scatola ingranaggi;Trasmissione e scatola ingranaggi;coperchio imbullonato che chiude la scatola ingranaggi;"coperchio; coperchio della scatola; tappo della scatola; coperchio del cambio; piastra di chiusura";;back cover | back cover gear box | back cover gearbox single speed | drive shaft cover | front cover | front cover gearbox single speed | gearbox back cover | gearbox front cover | gearbox front cover mc | gearbox top cover | intermediate shaft cover | top cover;15;
corona_conica;corona conica;Trasmissione e scatola ingranaggi;ingranaggio conico grande della coppia conica;"corona; corona conica; coppia conica; ingranaggio grande; ingranaggio conico";;bevel | bevel gear | bevel gear teeth | bevel teeth;7;
corpo_scatola;corpo scatola ingranaggi;Trasmissione e scatola ingranaggi;carcassa in ghisa della scatola ingranaggi;"corpo della scatola; carcassa; scatola vuota; cassa del cambio; corpo del rinvio";scatula;gear box body | gear box body single speed | gearbox body;8;
flangia_ingranaggio;flangia ingranaggio centrale;Trasmissione e scatola ingranaggi;flangia che sostiene l'ingranaggio intermedio della cascata;"flangia; flangia dell'ingranaggio; supporto ingranaggio";;center gear flange;1;
giunto;giunto;Trasmissione e scatola ingranaggi;giunto di collegamento tra due alberi;"giunto; manicotto; accoppiamento";;coupling;1;
rinvio_prolunga;gruppo rinvio con prolunga (trinciatrice);Trasmissione e scatola ingranaggi;scatola ingranaggi della trinciatrice con albero di prolunga verso la puleggia;"rinvio; scatola del rinvio; gruppo ingranaggi; scatola della trincia; moltiplicatore; centralina";;gearbox extension;9;
trasmissione_laterale;gruppo trasmissione laterale;Trasmissione e scatola ingranaggi;gruppo completo della trasmissione laterale (carter + ingranaggi);"trasmissione laterale; cascata completa; carter laterale completo";;transmisson;4;
ingranaggio_cambio;ingranaggio del cambio velocita';Trasmissione e scatola ingranaggi;ingranaggi intercambiabili che cambiano la velocita' del rotore;"ingranaggio; coppia di ingranaggi; cambio velocita'; ingranaggi di ricambio; rapporto";;change gear | gear;30;
ingranaggio_cascata;ingranaggio trasmissione laterale;Trasmissione e scatola ingranaggi;ingranaggio dritto della cascata laterale (superiore, intermedio o inferiore);"ingranaggio; ruota dentata; pignone; ingranaggio della cascata; dentata";;center gear | central gear | lower gear | side gear | upper gear;16;
spessori;kit spessori (rasamenti);Trasmissione e scatola ingranaggi;anelli calibrati sottili per registrare il gioco di ingranaggi e cuscinetti;"spessori; rasamenti; lamierini; anellini di spessore; shim";;shim kit | sims;4;
linguetta;linguetta;Trasmissione e scatola ingranaggi;chiavetta che rende solidale un ingranaggio o una puleggia all'albero;"linguetta; chiavetta; chiavella; chiave dell'albero; tassello";chiavetta;gear box housing key | key a | key free wheel | parallel key | parallel key a;6;
mozzo_rotore;mozzo rotore (gruppo);Trasmissione e scatola ingranaggi;gruppo mozzo alle estremita' del rotore, con cuscinetti e tenute;"mozzo; mozzo del rotore; testata del rotore; supporto del rotore; mozzo completo";;hub gear side | hub oil cup side | rotor hub gear side | rotor hub oil cup side;11;
perno_ingranaggio;perno ingranaggio intermedio;Trasmissione e scatola ingranaggi;perno su cui gira l'ingranaggio intermedio della cascata;"perno; perno dell'ingranaggio; asse dell'ingranaggio";pernu;center gear pin;4;
pignone_conico;pignone conico;Trasmissione e scatola ingranaggi;ingranaggio conico piccolo (spesso con albero) della coppia conica;"pignone; pignone conico; coppia conica; ingranaggio piccolo; albero pignone";;bevel pinion shaft teeth | pinion | pinion shaft | pinion teeth;7;
scatola_ingranaggi;scatola ingranaggi (gruppo completo);Trasmissione e scatola ingranaggi;gruppo che riceve il moto dal cardano e lo manda al rotore;"scatola ingranaggi; scatola del cambio; rinvio; cambio; gruppo conico; centralina; scatola della fresa";scatula;gear box | gearbox | gearbox side shift | gearbox single speed | gearbox sub | gearbox transmisson | gearbox transmisson pipe supprot;54;
supporto_mozzo;supporto mozzo rotore;Trasmissione e scatola ingranaggi;alloggiamento dei cuscinetti del mozzo del rotore;"supporto mozzo; sede dei cuscinetti; porta cuscinetto; campana del mozzo";;hub housing gear side | hub housing oil cup side;7;
